donor_id,roi,batch,source_path
115,panc,6KTRAF,/orange/brusko/xenium/HuPrime5kPanTissue/6KTRAF/MM035_Xenium_nPODBatch1/output-XETG00298__0041117__PanT__20240919__203848
6591,panc,6KTRAF,/orange/brusko/xenium/HuPrime5kPanTissue/6KTRAF/MM035_Xenium_nPODBatch1/output-XETG00298__0041116__Region_1__20240919__203848
,,,
112,panc,6KTRAF,/orange/brusko/xenium/HuPrime5kPanTissue/6KTRAF/MM036_Xenium_nPODBatch2/output-XETG00298__0041396__Pancreas__20241019__205206
6533,panc,6KTRAF,/orange/brusko/xenium/HuPrime5kPanTissue/6KTRAF/MM036_Xenium_nPODBatch2/output-XETG00298__0041393__Pancreas__20241019__205207
,,,
6580,panc,6KTRAF,/orange/brusko/xenium/HuPrime5kPanTissue/6KTRAF/MM037_Xenium_nPODBatch3/output-XETG00298__0041139__Panc__20241025__204655
6347,panc,6KTRAF,/orange/brusko/xenium/HuPrime5kPanTissue/6KTRAF/MM037_Xenium_nPODBatch3/output-XETG00298__0041140__Panc_pLN__20241025__204655
,,,
6457,panc,6KTRAF,/orange/brusko/xenium/HuPrime5kPanTissue/6KTRAF/MM038_Xenium_nPodBatch4/output-XETG00298__0037637__6457_Pan__20241121__213623
6476,panc,6KTRAF,/orange/brusko/xenium/HuPrime5kPanTissue/6KTRAF/MM038_Xenium_nPodBatch4/output-XETG00298__0037634__6476_Pan__20241121__213622
,,,
6380,panc,6KTRAF,/orange/brusko/xenium/HuPrime5kPanTissue/6KTRAF/MM039_Xenium_nPODBatch5/output-XETG00298__0037502__6380_Pan__20241127__193857
6523,panc,6KTRAF,/orange/brusko/xenium/HuPrime5kPanTissue/6KTRAF/MM039_Xenium_nPODBatch5/output-XETG00298__0037499__6523_Pan__20241127__193857
,,,
6579,panc,6KTRAF,/orange/brusko/xenium/HuPrime5kPanTissue/6KTRAF/MM040_Xenium_nPODBatch6/output-XETG00298__0041035__Pan__20241219__201934
6374,panc,6KTRAF,/orange/brusko/xenium/HuPrime5kPanTissue/6KTRAF/MM040_Xenium_nPODBatch6/output-XETG00298__0041032__Pan__20241219__201934
,,,
6566,panc,Y9QRJ6,/orange/brusko/xenium/HuPrime5kPanTissue/Y9QRJ6/MM041_Xenium_nPODBatch7_ReRun/output-XETG00298__0059968__Panc__20250417__164439
6461,panc,Y9QRJ6,/orange/brusko/xenium/HuPrime5kPanTissue/Y9QRJ6/MM041_Xenium_nPODBatch7_ReRun/output-XETG00298__0059847__Panc__20250417__164438
,,,
6493,panc,Y9QRJ6,/orange/brusko/xenium/HuPrime5kPanTissue/Y9QRJ6/MM042_Xenium_nPODBatch8/output-XETG00298__0037191__Panc__20250221__194233
6521,panc,Y9QRJ6,/orange/brusko/xenium/HuPrime5kPanTissue/Y9QRJ6/MM042_Xenium_nPODBatch8/output-XETG00298__0037199__Panc__20250221__194233
,,,
6551,panc,Y9QRJ6,/orange/brusko/xenium/HuPrime5kPanTissue/Y9QRJ6/MM043_Xenium_nPODBatch9/output-XETG00298__0037376__Panc__20250307__145542
6482,panc,Y9QRJ6,/orange/brusko/xenium/HuPrime5kPanTissue/Y9QRJ6/MM043_Xenium_nPODBatch9/output-XETG00298__0037354__Panc__20250307__145542
,,,
6539,panc,Y9QRJ6,/orange/brusko/xenium/HuPrime5kPanTissue/Y9QRJ6/MM044_Xenium_nPODBatch10/output-XETG00298__0059865__Panc__20250328__202338
6436,panc,Y9QRJ6,/orange/brusko/xenium/HuPrime5kPanTissue/Y9QRJ6/MM044_Xenium_nPODBatch10/output-XETG00298__0059907__Panc__20250328__202338
,,,
6593,panc,Y9QRJ6,/orange/brusko/xenium/HuPrime5kPanTissue/Y9QRJ6/MM045_Xenium_nPODBatch11/output-XETG00298__0059945__Panc__20250401__152313
6442,panc,Y9QRJ6,/orange/brusko/xenium/HuPrime5kPanTissue/Y9QRJ6/MM045_Xenium_nPODBatch11/output-XETG00298__0059947__Panc__20250401__152313
,,,
6450,panc,Y9QRJ6,/orange/brusko/xenium/HuPrime5kPanTissue/Y9QRJ6/MM046_Xenium_nPODBatch12/output-XETG00298__0080824__6450_Panc__20251030__175543
6505,panc,Y9QRJ6,/orange/brusko/xenium/HuPrime5kPanTissue/Y9QRJ6/MM046_Xenium_nPODBatch12/output-XETG00298__0080836__6505_Panc__20251030__175544
,,,
6534,panc,Y9QRJ6,/orange/brusko/xenium/HuPrime5kPanTissue/Y9QRJ6/MM047_Xenium_nPODBatch13/output-XETG00298__0081203__6534_Panc__20251114__201920/
6623,panc,Y9QRJ6,/orange/brusko/xenium/HuPrime5kPanTissue/Y9QRJ6/MM047_Xenium_nPODBatch13/output-XETG00298__0081215__6623_Panc__20251114__201921
,,,
,,,
112,pln_1,6KTRAF,/orange/brusko/xenium/HuPrime5kPanTissue/6KTRAF/MM036_Xenium_nPODBatch2/output-XETG00298__0041396__pLN__20241019__205207
115,pln_1,6KTRAF,/orange/brusko/xenium/HuPrime5kPanTissue/6KTRAF/MM035_Xenium_nPODBatch1/output-XETG00298__0041117__pLN__20240919__203848
6347,pln_1,6KTRAF,/orange/brusko/xenium/HuPrime5kPanTissue/6KTRAF/MM037_Xenium_nPODBatch3/output-XETG00298__0041140__pLN__20241025__204655
6374,pln_1,6KTRAF,/orange/brusko/xenium/HuPrime5kPanTissue/6KTRAF/MM040_Xenium_nPODBatch6/output-XETG00298__0041032__pLN__20241219__201934
6380,pln_1,6KTRAF,/orange/brusko/xenium/HuPrime5kPanTissue/6KTRAF/MM039_Xenium_nPODBatch5/output-XETG00298__0037502__6380_pLN__20241127__193857
6436,pln_1,Y9QRJ6,/orange/brusko/xenium/HuPrime5kPanTissue/Y9QRJ6/MM044_Xenium_nPODBatch10/output-XETG00298__0059907__pLN__20250328__202338
6442,pln_1,Y9QRJ6,/orange/brusko/xenium/HuPrime5kPanTissue/Y9QRJ6/MM045_Xenium_nPODBatch11/output-XETG00298__0059947__pLN__20250401__152313
6450,pln_1,Y9QRJ6,/orange/brusko/xenium/HuPrime5kPanTissue/Y9QRJ6/MM046_Xenium_nPODBatch12/output-XETG00298__0080824__6450_pLN__20251030__175544
6457,pln_1,6KTRAF,/orange/brusko/xenium/HuPrime5kPanTissue/6KTRAF/MM038_Xenium_nPodBatch4/output-XETG00298__0037637__6457_pLN1__20241121__213623
6461,pln_1,Y9QRJ6,/orange/brusko/xenium/HuPrime5kPanTissue/Y9QRJ6/MM041_Xenium_nPODBatch7_ReRun/output-XETG00298__0059847__pLN__20250417__164439
6476,pln_1,6KTRAF,/orange/brusko/xenium/HuPrime5kPanTissue/6KTRAF/MM038_Xenium_nPodBatch4/output-XETG00298__0037634__6476_pLN__20241121__213623
6482,pln_1,Y9QRJ6,/orange/brusko/xenium/HuPrime5kPanTissue/Y9QRJ6/MM043_Xenium_nPODBatch9/output-XETG00298__0037354__pLN__20250307__145542
6493,pln_1,Y9QRJ6,/orange/brusko/xenium/HuPrime5kPanTissue/Y9QRJ6/MM042_Xenium_nPODBatch8/output-XETG00298__0037191__pLN__20250221__194233 
6505,pln_1,Y9QRJ6,/orange/brusko/xenium/HuPrime5kPanTissue/Y9QRJ6/MM046_Xenium_nPODBatch12/output-XETG00298__0080836__6505_pLN__20251030__175544
6521,pln_1,Y9QRJ6,/orange/brusko/xenium/HuPrime5kPanTissue/Y9QRJ6/MM042_Xenium_nPODBatch8/output-XETG00298__0037199__pLN__20250221__194233
6523,pln_1,6KTRAF,/orange/brusko/xenium/HuPrime5kPanTissue/6KTRAF/MM039_Xenium_nPODBatch5/output-XETG00298__0037499__6523_pLN__20241127__193857
6533,pln_1,6KTRAF,/orange/brusko/xenium/HuPrime5kPanTissue/6KTRAF/MM036_Xenium_nPODBatch2/output-XETG00298__0041393__pLN__20241019__205207
6534,pln_1,Y9QRJ6,/orange/brusko/xenium/HuPrime5kPanTissue/Y9QRJ6/MM047_Xenium_nPODBatch13/output-XETG00298__0081203__6534_pLN1__20251114__201921
6539,pln_1,Y9QRJ6,/orange/brusko/xenium/HuPrime5kPanTissue/Y9QRJ6/MM044_Xenium_nPODBatch10/output-XETG00298__0059865__pLN__20250328__202338
6551,pln_1,Y9QRJ6,/orange/brusko/xenium/HuPrime5kPanTissue/Y9QRJ6/MM043_Xenium_nPODBatch9/output-XETG00298__0037376__pLN__20250307__145542
6566,pln_1,Y9QRJ6,/orange/brusko/xenium/HuPrime5kPanTissue/Y9QRJ6/MM041_Xenium_nPODBatch7_ReRun/output-XETG00298__0059968__pLN__20250417__164439
6579,pln_1,6KTRAF,/orange/brusko/xenium/HuPrime5kPanTissue/6KTRAF/MM040_Xenium_nPODBatch6/output-XETG00298__0041035__pLN1__20241219__201934
6580,pln_1,6KTRAF,/orange/brusko/xenium/HuPrime5kPanTissue/6KTRAF/MM037_Xenium_nPODBatch3/output-XETG00298__0041139__pLN__20241025__204655
6591,pln_1,6KTRAF,NA
6593,pln_1,Y9QRJ6,/orange/brusko/xenium/HuPrime5kPanTissue/Y9QRJ6/MM045_Xenium_nPODBatch11/output-XETG00298__0059945__pLN__20250401__152313
6623,pln_1,Y9QRJ6,/orange/brusko/xenium/HuPrime5kPanTissue/Y9QRJ6/MM047_Xenium_nPODBatch13/output-XETG00298__0081215__6623_pLN__20251114__201921
6457,pln_2,6KTRAF,/orange/brusko/xenium/HuPrime5kPanTissue/6KTRAF/MM038_Xenium_nPodBatch4/output-XETG00298__0037637__6457_pLN2__20241121__213623
6579,pln_2,6KTRAF,/orange/brusko/xenium/HuPrime5kPanTissue/6KTRAF/MM040_Xenium_nPODBatch6/output-XETG00298__0041035__pLN2__20241219__201934
6534,pln_2,Y9QRJ6,/orange/brusko/xenium/HuPrime5kPanTissue/Y9QRJ6/MM047_Xenium_nPODBatch13/output-XETG00298__0081203__6534_pLN2__20251114__201921
6579,pln_3,6KTRAF,/orange/brusko/xenium/HuPrime5kPanTissue/6KTRAF/MM040_Xenium_nPODBatch6/output-XETG00298__0041035__pLN3__20241219__201934
